cell,long,lat,biomass,sr,evesimpson,jac,depth,chl,sst.sea,sst,pielou.sed,effort,feeding.mode_benthivorous,tl
11519,-1.25,61.25,408233.7063,27.53,0.091799722,0.624356659,191,1.207579231,0.187327605,9.777127576,0.057759867,717567.0645,0.266249568,3.902385062
11520,-0.75,61.25,360367.443,21,0.098690766,0.647334921,205,1.214691292,0.19459689,9.88497293,0.084375693,NA,0.252815998,3.897280487
11521,-0.25,61.25,415861.9968,22.62,0.07650547,0.6401287,94,1.196408901,0.19459689,9.88497293,0.046452885,587358.0879,0.248373889,3.931572155
11522,0.25,61.25,863559.1408,22.22,0.147153557,0.650676408,158,1.227495557,0.20449726,9.964220619,0.053837381,300401.8284,0.305659587,3.920054307
11523,0.75,61.25,355575.1216,22.85,0.118522853,0.637718823,172,1.263789096,0.20449726,9.964220619,0.074734016,664518.6905,0.258891419,3.932997196
11524,1.25,61.25,610742.2074,23.16,0.06488775,0.655124498,152,1.227820852,0.217567886,9.980266237,0.111680643,1144517.208,0.229985899,3.958295734
11525,1.75,61.25,537014.9754,17.63,0.09608576,0.678290988,163,1.156410413,0.217567886,9.980266237,0.104061663,2905000.691,0.311427053,3.872019879
11526,2.25,61.25,464899.944,20.77,0.113134012,0.662361841,209,1.264444385,0.236405312,9.930011314,0.11763596,4237435.549,0.30108234,3.941274842
11717,-2.25,60.75,478730.543,19.82,0.153687075,0.660986396,176,1.285563859,0.18053818,10.05366356,0.171045074,3055311.74,0.253567114,3.898110879
11718,-1.75,60.75,297769.2504,26.04,0.08779247,0.630839524,114,1.27977664,0.190782065,10.0727911,0.200042961,1186479.942,0.307824045,3.879478233
11719,-1.25,60.75,516052.7717,14.74,0.100588685,0.697590665,95,1.123153214,0.190782065,10.0727911,0.181196357,817537.8702,0.261537222,3.884639266
11720,-0.75,60.75,276054.6417,26.06,0.133177241,0.605633391,93,1.08312606,0.202666875,10.10974661,0.205504589,1254103.778,0.382450257,3.81869566
11722,0.25,60.75,701203.7665,21.42,0.099649761,0.639355052,142,1.140811163,0.216520661,10.14472546,0.098847683,660639.209,0.269490592,3.939570993
11723,0.75,60.75,513405.5501,23.48,0.072765443,0.641274333,135,1.02090325,0.216520661,10.14472546,0.093885283,880090.5874,0.258220313,3.924169485
11724,1.25,60.75,569363.6919,20.34,0.09252657,0.683281146,143,0.887104881,0.232442155,10.13424188,0.147117297,1013906.361,0.23992899,3.934357118
11725,1.75,60.75,1088066.528,20.29,0.073617027,0.675131224,120,0.809328832,0.232442155,10.13424188,0.153901944,408852.3631,0.257607795,3.934594418
11726,2.25,60.75,386685.192,16.05,0.194339771,0.697440725,128,0.857558029,0.252657219,10.071745,0.107852025,1427482.75,0.316982601,3.895453979
11727,2.75,60.75,315300.5048,20.9,0.099355342,0.674055989,127,1.02619586,0.252657219,10.071745,0.123440145,NA,0.314887382,3.911836581
11728,3.25,60.75,621449.2689,21.89,0.065796946,0.670105317,321,1.151539974,0.280615691,9.996211789,0.345249457,2048298.435,0.325305882,3.894302852
11915,-3.25,60.25,1683824.967,19.72,0.07652542,0.66948869,131,1.282758531,0.172412964,10.04946151,0.141290784,2189621.813,0.339663308,3.867776326
11916,-2.75,60.25,434816.2816,26.62,0.0712822,0.618233425,136,1.307135814,0.18053818,10.05366356,0.164466301,1974758.154,0.285429762,3.884305037
11918,-1.75,60.25,689231.08,27.01,0.139708641,0.621664054,71,1.148118463,0.190782065,10.0727911,0.203770036,1105373.236,0.379613888,3.817464174
11920,-0.75,60.25,667149.3563,24.07,0.079910814,0.639564335,100,1.095832449,0.202666875,10.10974661,0.165858711,1183467.133,0.273622086,3.850459921
11921,-0.25,60.25,677181.7742,23.21,0.071264544,0.647406942,128,1.029450572,0.202666875,10.10974661,0.125537213,2037570.023,0.270550656,3.887316741
11922,0.25,60.25,774631.5138,17.35,0.098289859,0.669495098,132,0.920925333,0.216520661,10.14472546,0.128669161,2476474.386,0.293231848,3.908645449
11923,0.75,60.25,663275.7764,21.99,0.09139436,0.669497782,140,0.860097818,0.216520661,10.14472546,0.131239657,3383282.777,0.250252479,3.910743385
11924,1.25,60.25,783032.0782,21.07,0.088347082,0.679063744,135,0.821776314,0.232442155,10.13424188,0.163494428,1974288.061,0.32376757,3.904377238
11925,1.75,60.25,744488.1926,16.15,0.097946758,0.688094001,117,0.764454487,0.232442155,10.13424188,0.025058635,640038.7523,0.347289737,3.839929488
11926,2.25,60.25,438868.286,11.94,0.150373384,0.732316524,98,0.762241634,0.252657219,10.071745,0.097460888,2326013.579,0.285176791,3.839409033
11927,2.75,60.25,271422.893,18.92,0.140938957,0.656725898,98,0.864418821,0.252657219,10.071745,0.110425788,3533045.772,0.319367061,3.830466228
11928,3.25,60.25,487159.5884,20.9,0.125771779,0.665077976,225,1.025546999,0.280615691,9.996211789,0.268217103,3541383.758,0.303390145,3.931707939
12111,-5.25,59.75,840109.754,31.77,0.161018506,0.65498604,160,1.198214474,0.164212263,10.45031081,0.144225423,427699.2999,0.401870251,3.933567073
12112,-4.75,59.75,318692.4108,28.01,0.146575411,0.660910693,134,1.201881181,0.174130282,10.37342933,0.196529976,221848.1357,0.308504299,3.898880914
12113,-4.25,59.75,548532.0116,24,0.138081331,0.661072942,81,1.223281673,0.174130282,10.37342933,0.184546556,302063.8691,0.415308671,3.876998565
12114,-3.75,59.75,260415.4349,20.59,0.065322447,0.655332931,157,1.174080223,0.185382068,10.29350869,0.20733503,686097.8864,0.415896048,3.825166016
12116,-2.75,59.75,617107.1524,25.37,0.127714509,0.653257818,80,1.057954375,0.195960668,10.2393121,0.203078291,1816863.203,0.369644344,3.808544594
12117,-2.25,59.75,558831.1101,26.48,0.140302294,0.63958002,118,1.115603709,0.195960668,10.2393121,0.190312707,2394528.789,0.33476537,3.847374678
12118,-1.75,59.75,595809.9335,22.32,0.142474719,0.636427531,103,1.110354477,0.207285592,10.21909109,0.179711076,1309956.864,0.35688805,3.80553736
12119,-1.25,59.75,1571719.091,26.42,0.106569797,0.638103725,97,0.962504649,0.207285592,10.21909109,0.194539207,1426474.418,0.365325108,3.864205007
12120,-0.75,59.75,808712.2537,22.6,0.083103856,0.643436665,115,0.948702648,0.220267605,10.23203292,0.077970285,1998379.763,0.313354228,3.834645244
12121,-0.25,59.75,552416.155,23.57,0.07620955,0.647776384,128,0.844130918,0.220267605,10.23203292,0.136951339,2097793.649,0.314870591,3.853983386
12122,0.25,59.75,616985.574,19.36,0.086758005,0.673094372,135,0.794695971,0.235204349,10.25793502,0.180530426,2610319.644,0.260440189,3.913325798
12123,0.75,59.75,721535.3877,21.66,0.083384068,0.671360761,129,0.757996644,0.235204349,10.25793502,0.141269906,2141785.56,0.292323762,3.857055923
12124,1.25,59.75,674576.6466,18.37,0.120646115,0.677636716,111,0.736337255,0.251570703,10.25156943,0.068447356,1288405.767,0.351024874,3.846278097
12125,1.75,59.75,719218.4776,19.44,0.109799628,0.674756249,119,0.747170898,0.251570703,10.25156943,0.104119175,1822638.572,0.320247196,3.82024303
12126,2.25,59.75,356850.9246,18.23,0.091826988,0.67330386,115,0.756454883,0.270506422,10.20474492,0.115554743,1862276.035,0.319225259,3.868656783
12127,2.75,59.75,405611.3823,21.86,0.075431746,0.701159447,100,0.821163137,0.270506422,10.20474492,0.152492704,1299893.21,0.29320619,3.88673572
12128,3.25,59.75,634958.6119,22.96,0.070463994,0.669053695,191,0.956187237,0.295048563,10.16014722,0.263540781,1919554.43,0.284016025,3.887662237
12308,-6.75,59.25,509476.6253,26.17,0.126037741,0.635481895,152,1.111141862,0.156199862,10.51432922,0.124117778,356012.7721,0.286084801,3.887471504
12309,-6.25,59.25,407530.0121,29.99,0.177546173,0.649566948,97,1.141261897,0.156199862,10.51432922,0.103938329,94234.14872,0.308072334,3.910071245
12310,-5.75,59.25,443096.4978,23.21,0.1539466,0.652959728,100,1.224532401,0.164212263,10.45031081,0.163140021,81650.16454,0.412662056,3.813536607
12311,-5.25,59.25,927737.6024,28.22,0.089751611,0.635989532,104,1.192800377,0.164212263,10.45031081,0.163218518,144264.3003,0.370861947,3.858956129
12312,-4.75,59.25,698711.1407,22.57,0.121044146,0.644111665,140,1.136716273,0.174130282,10.37342933,0.192905377,191238.9865,0.392023783,3.847281948
12313,-4.25,59.25,598019.3655,24.73,0.080896904,0.621002634,99,1.135451405,0.174130282,10.37342933,0.19009949,480550.8201,0.380330434,3.829609615
12314,-3.75,59.25,940140.5095,27.53,0.057480974,0.61808366,111,1.152620034,0.185382068,10.29350869,0.200978056,1866034.672,0.390413304,3.809395065
12315,-3.25,59.25,365934.199,17.53,0.225654894,0.676233588,69,1.127881472,0.185382068,10.29350869,0.221231149,300554.174,0.353668864,3.828233631
12317,-2.25,59.25,1598157.873,29.81,0.10210076,0.655793455,63,0.955808162,0.195960668,10.2393121,0.196480799,231114.9433,0.387672811,3.81329497
12318,-1.75,59.25,565227.3374,21.76,0.144325083,0.644242662,75,0.96144921,0.207285592,10.21909109,0.183815041,663764.1295,0.368705399,3.779470411
12319,-1.25,59.25,2491057.363,26.81,0.087988008,0.632281991,118,1.060071009,0.207285592,10.21909109,0.082307614,2851648.303,0.350326552,3.81989648
12320,-0.75,59.25,542510.4916,24.54,0.086878532,0.652108379,145,0.942622476,0.220267605,10.23203292,0.170167746,3018578.188,0.276120259,3.824051344
12321,-0.25,59.25,438088.0525,26.48,0.060222542,0.669071198,141,0.766475189,0.220267605,10.23203292,0.234621097,3126702.755,0.257166412,3.79846453
12322,0.25,59.25,404564.0069,22.42,0.077614516,0.703273625,153,0.68798454,0.235204349,10.25793502,0.227424612,1571917.758,0.249060972,3.875929669
12323,0.75,59.25,724483.9199,18.69,0.096351499,0.703866516,131,0.65889736,0.235204349,10.25793502,0.200297034,1029845.832,0.208628265,3.899375725
12324,1.25,59.25,1001507.88,17.92,0.109568589,0.710571033,112,0.652662928,0.251570703,10.25156943,0.135495561,1023102.283,0.3041611,3.84729366
12325,1.75,59.25,478831.4819,16.91,0.093734263,0.687262982,119,0.676049222,0.251570703,10.25156943,0.118077611,2458809.98,0.262824065,3.885341439
12326,2.25,59.25,660871.3298,20.3,0.081336413,0.704546137,119,0.693921639,0.270506422,10.20474492,0.12654327,2517373.87,0.287429577,3.861968331
12327,2.75,59.25,413211.1744,19.67,0.062443042,0.687874602,120,0.763414678,0.270506422,10.20474492,0.077782935,1948911.756,0.305128609,3.839659012
12328,3.25,59.25,344136.2966,23.4,0.063846322,0.685947344,145,0.901487094,0.295048563,10.16014722,0.304130855,NA,0.246793189,3.842395489
12507,-7.25,58.75,674349.349,23.95,0.103751133,0.650502828,99,1.170157848,0.159709164,10.9175198,0.220251393,7720331.723,0.34929152,3.833464087
12508,-6.75,58.75,708367.8003,22.07,0.135890449,0.6527052,128,1.174260472,0.170142425,10.78850002,0.134295155,247461.9634,0.35047374,3.861253975
12509,-6.25,58.75,1119179.116,25.51,0.095983929,0.616446011,112,1.099358446,0.170142425,10.78850002,0.137460943,244026.0538,0.386139244,3.806847157
12510,-5.75,58.75,261687.7353,27.68,0.112882152,0.61900553,99,1.071382416,0.178737629,10.67984867,0.146879812,316829.38,0.407373852,3.827024383
12511,-5.25,58.75,478567.2257,19.92,0.197377825,0.668375321,83,1.109862962,0.178737629,10.67984867,0.198963738,317368.1178,0.40805433,3.714042276
12512,-4.75,58.75,387055.8574,20.57,0.222504101,0.667632089,75,1.129334196,0.183019784,10.46618305,0.175046152,271266.4553,0.374885293,3.758089678
12513,-4.25,58.75,298952.295,26.4,0.136591556,0.635736596,100,1.156576537,0.183019784,10.46618305,0.16265704,504467.3742,0.433916492,3.757031326
12514,-3.75,58.75,379965.3242,33.37,0.065382234,0.646826193,80,1.164162546,0.20989474,10.34084072,0.129986896,349520.329,0.442807123,3.786536843
12517,-2.25,58.75,953737.6749,26.18,0.098178833,0.637520636,74,1.026981652,0.219566169,10.29781396,0.073298617,259744.4611,0.380893136,3.73183406
12518,-1.75,58.75,1939974.705,24.46,0.115012109,0.627639156,91,1.083177194,0.228837146,10.30570685,0.121225952,1445655.038,0.350113095,3.795454915
12519,-1.25,58.75,671132.1472,26.37,0.098606884,0.637173274,74,1.090587218,0.228837146,10.30570685,0.182330202,2003224.075,0.397812354,3.76782149
12520,-0.75,58.75,311094.9588,26.91,0.083962348,0.65993714,121,0.96018603,0.239162382,10.34674585,0.233098506,1360500.313,0.339129933,3.790147471
12521,-0.25,58.75,381774.1106,22.73,0.082189691,0.684342235,159,0.752965397,0.239162382,10.34674585,0.233527114,1830422.488,0.196852348,3.847834747
12522,0.25,58.75,330327.4988,18.69,0.078915188,0.718858183,149,0.646380929,0.252514815,10.38984867,0.237024724,3385985.749,0.195481944,3.857412678
12523,0.75,58.75,377734.5321,20.66,0.072014975,0.706690613,140,0.630129481,0.252514815,10.38984867,0.243603456,3469264.936,0.218799811,3.847374434
12524,1.25,58.75,460322.1403,21.97,0.070264695,0.693688906,112,0.638578797,0.268275368,10.39470118,0.173073556,2190670.321,0.272948197,3.848958927
12525,1.75,58.75,828067.2941,15.53,0.095893739,0.709454297,111,0.634686391,0.268275368,10.39470118,0.116039971,3230272.685,0.277979162,3.878267392
12526,2.25,58.75,609191.5475,15.5,0.142998402,0.703711588,100,0.635883779,0.286112975,10.35932517,0.066720601,2902389.864,0.320379163,3.840330435
12527,2.75,58.75,653607.0808,19.16,0.129971357,0.697314312,106,0.667196759,0.286112975,10.35932517,0.091261601,2200747.552,0.344843895,3.779908129
12528,3.25,58.75,505560.4672,16.65,0.125141196,0.721512203,102,0.762704569,0.306633614,10.34000276,0.064502936,1379390.678,0.302493758,3.85072465
12529,3.75,58.75,741577.9277,17.89,0.098376312,0.74057069,253,0.964468992,0.306633614,10.34000276,0.197760141,1296587.988,0.145277785,3.973761655
12705,-8.25,58.25,576186.9407,23.59,0.145090212,0.685088695,127,1.212988818,0.150718528,11.03635898,0.14346577,47047.6319,0.289088152,3.880463858
12706,-7.75,58.25,1522896.178,20.2,0.089563418,0.673047937,49,1.137979398,0.159709164,10.9175198,0.132515376,26670.08527,0.342677798,3.769486653
12707,-7.25,58.25,398489.299,24.89,0.166352429,0.660889722,125,1.083832223,0.159709164,10.9175198,0.140107906,75017.94755,0.476426127,3.748917467
12709,-6.25,58.25,311242.9188,24.06,0.135115041,0.6306132,2,1.295489606,0.170142425,10.78850002,0.287208579,958184.9092,0.38418805,3.81094279
12710,-5.75,58.25,158634.6777,29.59,0.093114785,0.634434626,94,1.199856542,0.178737629,10.67984867,0.232967537,1079471.042,0.417447905,3.813040968
12715,-3.25,58.25,478570.8391,23.45,0.168475963,0.65118929,46,1.145740835,0.20989474,10.34084072,0.188321305,64670.48999,0.409319297,3.715997174
12716,-2.75,58.25,346573.6797,23.43,0.139927223,0.653826939,47,1.036773282,0.219566169,10.29781396,0.138979611,275619.7553,0.40308835,3.705866886
12717,-2.25,58.25,623619.5254,11.22,0.152814202,0.717742876,66,1.028583068,0.219566169,10.29781396,0.141808552,395364.2107,0.423125676,3.791476608
12718,-1.75,58.25,888876.5127,25.7,0.108689261,0.632215587,96,1.082520995,0.228837146,10.30570685,0.159170384,794736.6003,0.371039717,3.777816595
12719,-1.25,58.25,642755.8213,22.69,0.121778159,0.637580843,101,1.044342825,0.228837146,10.30570685,0.111275487,344828.6158,0.363972219,3.776695262
12720,-0.75,58.25,493219.2629,24.3,0.107023825,0.634948492,94,0.943623881,0.239162382,10.34674585,0.201933977,307641.2126,0.37882158,3.761421007
12721,-0.25,58.25,421667.7189,27.26,0.09051019,0.68692108,114,0.771837129,0.239162382,10.34674585,0.232297044,761344.6888,0.287958006,3.825888853
12722,0.25,58.25,346563.7243,20.45,0.059693897,0.724024982,149,0.670625977,0.252514815,10.38984867,0.14743349,1899697.338,0.18883138,3.862325045
12723,0.75,58.25,233777.1982,20.05,0.06729259,0.731061445,150,0.638569821,0.252514815,10.38984867,0.160641942,4541769.831,0.189997482,3.902117932
12724,1.25,58.25,292678.5714,23.56,0.055667225,0.707096378,126,0.644740758,0.268275368,10.39470118,0.234613219,3424012.119,0.278871499,3.859196606
12725,1.75,58.25,466744.2166,16.8,0.167659977,0.706632665,116,0.664926906,0.268275368,10.39470118,0.09425157,3202007.277,0.343754692,3.842583833
12726,2.25,58.25,195300.5588,13.53,0.179364524,0.709842266,91,0.7434649,0.286112975,10.35932517,0.027730338,2010608.028,0.36520868,3.796985479
12727,2.75,58.25,188769.4702,16.87,0.195963414,0.704190043,73,0.7075148,0.286112975,10.35932517,0.019215916,1365374.107,0.350706917,3.808392593
12728,3.25,58.25,467220.4524,20.12,0.126904653,0.712348714,73,0.700670906,0.306633614,10.34000276,0.013138115,641541.635,0.316563587,3.848523504
12729,3.75,58.25,1039948.126,22.16,0.108001208,0.70738647,110,0.768294065,0.306633614,10.34000276,0.046045928,979231.6345,0.295597033,3.841782548
12730,4.25,58.25,654653.0873,23.13,0.07317334,0.738164139,136,0.914900781,0.328118816,10.35124945,0.181243695,1678062.168,0.241696366,3.879178779
12731,4.75,58.25,343110.5647,18.03,0.088891021,0.725020526,285,1.092262899,0.328118816,10.35124945,0.346378642,2462151.928,0.298508446,3.868861498
12903,-9.25,57.75,1158081.807,26.47,0.077494497,0.659138702,163,1.122954697,0.149514776,11.42543223,0.156887849,245390.6517,0.342505082,3.828274385
12904,-8.75,57.75,617055.963,30.14,0.09743603,0.656019098,137,1.172961308,0.158680837,11.30648854,0.162333363,57058.09435,0.381419942,3.790917258
12908,-6.75,57.75,293457.008,27.22,0.116050021,0.676118014,36,1.145435864,0.183870566,10.94374953,0.280878832,56924.48109,0.332112723,3.82904025
12909,-6.25,57.75,182013.6832,27.27,0.112705871,0.645208987,32,1.151577285,0.183870566,10.94374953,0.346428339,351517.346,0.447335165,3.738655129
12915,-3.25,57.75,160657.2504,24.72,0.117964525,0.658756183,11,1.799048962,0.223903155,10.32962999,0.193549045,600435.0677,0.44301391,3.676126533
12916,-2.75,57.75,256219.4624,24.68,0.077027476,0.646430905,45,1.446592212,0.243505888,10.31539862,0.225811145,981475.2028,0.424439804,3.745394123
12917,-2.25,57.75,138731.0785,17.56,0.137531608,0.677011946,41,1.399189162,0.243505888,10.31539862,0.218833699,1088630.843,0.501416446,3.702590618
12918,-1.75,57.75,377080.3099,22.62,0.165957816,0.692243831,48,1.280892464,0.249710138,10.36875895,0.206137914,783835.2265,0.474751478,3.656341821
12919,-1.25,57.75,586460.3322,24.88,0.113408605,0.64586223,76,1.088821649,0.249710138,10.36875895,0.074788704,199758.1466,0.415885971,3.747252079
12920,-0.75,57.75,522421.3991,23.31,0.117362949,0.641107027,104,0.969576992,0.256480746,10.46329527,0.115388506,246652.6433,0.402619428,3.758323796
12921,-0.25,57.75,591820.4335,22.18,0.135634751,0.646072999,127,0.875846732,0.256480746,10.46329527,0.14944105,220844.1861,0.393337684,3.757175048
12922,0.25,57.75,355809.3522,22.14,0.160566159,0.674730694,168,0.79379923,0.267381019,10.53762704,0.223768987,553102.216,0.44845267,3.732534015
12923,0.75,57.75,479201.822,27.74,0.115728844,0.667057408,139,0.745654003,0.267381019,10.53762704,0.244548816,1170408.151,0.3737256,3.786129321
12924,1.25,57.75,879736.1292,22.68,0.12116838,0.679023843,109,0.71417947,0.282324519,10.55579222,0.112286653,713894.8085,0.343626421,3.822649571
12926,2.25,57.75,218334.0369,14.29,0.230840158,0.715636835,82,0.694136721,0.299528552,10.5279777,0.040625912,202214.0376,0.421031233,3.767566051
12927,2.75,57.75,198499.0566,13.09,0.164014293,0.727553122,55,0.735574959,0.299528552,10.5279777,0.040873109,226572.3507,0.398087481,3.831037298
12928,3.25,57.75,153290.0283,12.3,0.223192508,0.737209611,62,0.773058591,0.317201368,10.52677854,0.04670112,99903.28621,0.398073953,3.832700973
12929,3.75,57.75,108575.1941,15.46,0.19547341,0.717229968,65,0.771467276,0.317201368,10.52677854,0.016120759,240607.6924,0.359044824,3.796543549
12930,4.25,57.75,166350.1026,15.39,0.164892733,0.742144151,44,0.75433205,0.334184719,10.57047588,0.029853213,802626.0258,0.313257212,3.789317059
12931,4.75,57.75,366670.2715,19.68,0.106491995,0.708887854,81,0.748223556,0.334184719,10.57047588,0.044588061,1134509.245,0.34414157,3.815535918
12932,5.25,57.75,586786.841,25.45,0.082816948,0.708138327,109,0.862484571,0.353125689,10.64030327,0.124843512,2097090.431,0.344088164,3.828652373
12933,5.75,57.75,523840.4376,26.51,0.053615938,0.712242979,132,1.049847134,0.353125689,10.64030327,0.248130435,2441536.332,0.271176984,3.873169824
13103,-9.25,57.25,201038.0713,25.82,0.225805399,0.704602865,178,1.130029529,0.149514776,11.42543223,0.172529898,681124.0103,0.274170682,3.934424024
13104,-8.75,57.25,1576034.396,24.47,0.07816658,0.662140531,116,1.215558986,0.158680837,11.30648854,0.172909799,38035.1722,0.355160323,3.799919873
13105,-8.25,57.25,515096.6173,25.02,0.095548565,0.654300635,108,1.18745018,0.158680837,11.30648854,0.159601811,1292.341394,0.369119215,3.812949949
13108,-6.75,57.25,92612.4758,24.85,0.129713541,0.661625467,90,1.221914534,0.183870566,10.94374953,0.309410617,313464.3659,0.309692757,3.824791513
13118,-1.75,57.25,275778.6939,26.25,0.106471324,0.684523534,68,1.31923734,0.249710138,10.36875895,0.123971388,267207.5483,0.478713162,3.72568638
13119,-1.25,57.25,583361.6776,17.93,0.15643582,0.682972536,77,1.129168803,0.249710138,10.36875895,0.127837051,542210.8545,0.379850727,3.756548344
13120,-0.75,57.25,1008545.981,22.72,0.127390372,0.675041076,83,1.058131224,0.256480746,10.46329527,0.110278365,518601.0899,0.425589455,3.718209372
13121,-0.25,57.25,672630.8699,19.18,0.160971277,0.670280154,94,0.917166961,0.256480746,10.46329527,0.078707008,182961.8247,0.463882012,3.758585959
13122,0.25,57.25,551125.9756,20.43,0.1622442,0.671483237,96,0.816416296,0.267381019,10.53762704,0.049447815,61248.2735,0.47212245,3.761309158
13123,0.75,57.25,531703.3082,17.82,0.166927652,0.697602351,101,0.782225131,0.267381019,10.53762704,0.054677113,71193.62848,0.387899361,3.819271533
13124,1.25,57.25,426989.349,19.27,0.141299337,0.699477391,111,0.744464033,0.282324519,10.55579222,0.081009772,114506.0778,0.371747965,3.803209565
13125,1.75,57.25,285993.657,19.45,0.121974492,0.70435972,114,0.724084176,0.282324519,10.55579222,0.115128652,41539.17319,0.355483617,3.826915209
13126,2.25,57.25,298916.0775,12.25,0.252094057,0.736282747,100,0.699573745,0.299528552,10.5279777,0.07032855,69141.57947,0.403036451,3.793214462
13127,2.75,57.25,230725.6133,13.18,0.242269908,0.732087259,84,0.687675839,0.299528552,10.5279777,0.047988043,61363.31853,0.391389976,3.790765101
13128,3.25,57.25,170776.4181,11.25,0.174941828,0.753620699,67,0.723652544,0.317201368,10.52677854,0.047641766,27046.1955,0.399243553,3.854794614
13129,3.75,57.25,151600.8544,12.09,0.196163728,0.739896259,62,0.735205112,0.317201368,10.52677854,0.04158507,26170.46092,0.376628546,3.8202662
13130,4.25,57.25,155284.8637,15.78,0.132035778,0.716966809,50,0.722940837,0.334184719,10.57047588,0.034712445,321231.3552,0.370343107,3.793983781
13131,4.75,57.25,168548.862,10.55,0.140504071,0.765915042,50,0.705665185,0.334184719,10.57047588,0.018428897,994053.3962,0.370353195,3.799777732
13132,5.25,57.25,383852.427,14.99,0.129963489,0.747428753,64,0.701809018,0.353125689,10.64030327,0.03667026,1389121.669,0.346754601,3.7327535
13133,5.75,57.25,124036.3326,19.15,0.176116217,0.744914928,54,0.729037331,0.353125689,10.64030327,0.123757985,989595.3502,0.379138387,3.687007395
13134,6.25,57.25,161168.2226,20.9,0.148589697,0.731120711,67,0.790682773,0.372845531,10.71009596,0.109218914,605361.1069,0.435263411,3.757732761
13135,6.75,57.25,142048.509,16.21,0.249706924,0.730524926,73,0.839211248,0.372845531,10.71009596,0.20501001,616336.4382,0.399495159,3.757171807
13136,7.25,57.25,86688.37931,22.57,0.126407731,0.712903073,46,0.910396931,0.403983768,10.84594037,0.164871507,1680279.733,0.419456227,3.736732571
13137,7.75,57.25,217810.3092,18.97,0.183328047,0.714706599,47,0.991128922,0.403983768,10.84594037,0.103135353,2924790.717,0.454376532,3.750788865
13303,-9.25,56.75,405068.3462,26.57,0.074000248,0.747959187,1217,1.030480473,0.156079806,11.66852987,0.245328021,684356.2749,0.288295596,3.9177356
13304,-8.75,56.75,518008.8718,26.01,0.111960094,0.678793423,111,1.246367788,0.16705684,11.51361965,0.226644895,96376.44514,0.283866847,3.876464121
13305,-8.25,56.75,214329.0219,27.86,0.140209766,0.65290417,176,1.20314575,0.16705684,11.51361965,0.124764977,93155.40505,0.376311246,3.826005965
13307,-7.25,56.75,259030.276,27.13,0.107334083,0.660968969,142,1.112147896,0.180507301,11.2802274,0.281296854,576257.9446,0.347477556,3.822400615
13308,-6.75,56.75,163338.6172,25.95,0.122022815,0.659657524,26,1.146164569,0.193370852,11.07507184,0.332722669,307641.5204,0.378796058,3.786721949
13317,-2.25,56.75,170918.0582,27.66,0.097103517,0.697648064,51,1.591117816,0.255257993,10.32136769,0.211314156,103602.9648,0.516871681,3.703501142
13318,-1.75,56.75,222895.8306,24.02,0.143580498,0.69645745,60,1.176539443,0.267718479,10.45186647,0.149593822,312292.4524,0.428531692,3.704595059
13319,-1.25,56.75,255398.042,14.95,0.206195829,0.705263347,57,1.12111214,0.267718479,10.45186647,0.115965819,56775.15778,0.47671981,3.773914416
13320,-0.75,56.75,498134.884,10.8,0.214434091,0.743294104,65,1.019899428,0.272727878,10.57051617,0.038162112,28216.24089,0.446847322,3.740189247
13321,-0.25,56.75,381083.5473,20.38,0.16768403,0.677152018,65,0.916719208,0.272727878,10.57051617,0.034899933,16132.27666,0.443260343,3.764596526
13322,0.25,56.75,360200.0093,17.78,0.189491716,0.697750653,102,0.867565287,0.282436588,10.67451773,0.070703005,6436.732803,0.490894396,3.773077204
13323,0.75,56.75,565399.1017,20.23,0.175300282,0.699458691,105,0.798648856,0.282436588,10.67451773,0.089704059,46253.18439,0.394440984,3.787610472
13324,1.25,56.75,415821.6895,21.61,0.123462962,0.695279476,132,0.71625947,0.296386281,10.71476016,0.128695096,107289.117,0.415033154,3.77297752
13325,1.75,56.75,268588.0571,17,0.1125288,0.736545538,100,0.691427922,0.296386281,10.71476016,0.134295821,146748.9894,0.378579354,3.806245889
13326,2.25,56.75,216129.1429,13.36,0.260173249,0.743784366,79,0.653268113,0.312490577,10.71345267,0.055001505,55463.09166,0.380147272,3.848133994
13327,2.75,56.75,167125.74,14.78,0.152285437,0.75132503,68,0.685512224,0.312490577,10.71345267,0.033883749,67291.94468,0.440686355,3.774571276
13328,3.25,56.75,247529.3011,7.9,0.252240907,0.81674186,64,0.694994096,0.328007979,10.74330191,0.029871384,144935.041,0.402206804,3.725602889
13329,3.75,56.75,231834.1608,13.95,0.111125394,0.748742107,63,0.706643133,0.328007979,10.74330191,0.038085198,493993.4762,0.38646095,3.797296994
13330,4.25,56.75,185414.0159,16.11,0.094285172,0.735083958,50,0.728966175,0.341875509,10.81768571,0.046712308,230621.51,0.385968923,3.766925177
13332,5.25,56.75,215949.9848,12.48,0.174191724,0.758619882,51,0.640796062,0.358603345,10.8987563,0.107750875,190162.6261,0.401072926,3.795092576
13333,5.75,56.75,139514.87,21.49,0.12437733,0.730012705,40,0.695471852,0.358603345,10.8987563,0.117685682,143741.9962,0.462435309,3.694103568
13334,6.25,56.75,138689.0724,24.64,0.136625772,0.716627226,43,0.783900371,0.381218763,10.95173458,0.133262286,209843.3082,0.432738989,3.701509734
13335,6.75,56.75,125154.6417,18.78,0.177229994,0.723138611,32,0.938496897,0.381218763,10.95173458,0.198961517,210490.8857,0.492242845,3.710162941
13336,7.25,56.75,57527.09077,17.43,0.149966961,0.750847823,28,1.185514281,0.410208514,10.92346173,0.131736947,267371.7698,0.475313332,3.741430734
13337,7.75,56.75,49779.88631,18.31,0.122995568,0.752867285,31,1.540068653,0.410208514,10.92346173,0.214334554,309604.481,0.42346722,3.700159618
13503,-9.25,56.25,861145.0235,33.82,0.090787705,0.716535167,638,1.05878573,0.156079806,11.66852987,0.249078737,348014.8043,0.235198632,3.947962217
13504,-8.75,56.25,297110.8825,30.34,0.095654423,0.680180709,139,1.206225109,0.16705684,11.51361965,0.177423216,80438.89622,0.268506684,3.922795874
13505,-8.25,56.25,667599.8456,32.94,0.078854613,0.649591391,158,1.213327086,0.16705684,11.51361965,0.229547598,68806.44042,0.370984209,3.823658767
13506,-7.75,56.25,1072354.744,31.5,0.101099179,0.643941572,111,1.19258434,0.180507301,11.2802274,0.135254505,101528.587,0.378410465,3.818577168
13507,-7.25,56.25,631545.454,33.08,0.109227419,0.637766964,94,1.046817115,0.180507301,11.2802274,0.222302301,106502.6494,0.405607281,3.820412383
13508,-6.75,56.25,498050.2007,31.46,0.116070669,0.632581236,43,1.050708011,0.193370852,11.07507184,0.19730651,158602.7983,0.415060289,3.770305417
13517,-2.25,56.25,183410.3827,25.9,0.119679971,0.700439058,49,1.498383119,0.255257993,10.32136769,0.1512187,571709.7369,0.522192913,3.696352063
13518,-1.75,56.25,127221.9051,16.98,0.20676802,0.72191771,46,1.215846763,0.267718479,10.45186647,0.123516709,83788.26723,0.507783474,3.740335961
13519,-1.25,56.25,179741.8731,22.54,0.141537323,0.7063464,66,1.102935363,0.267718479,10.45186647,0.061082774,27612.91431,0.494332818,3.701130674
13520,-0.75,56.25,264044.5477,20.2,0.176123908,0.701058075,69,0.993488964,0.272727878,10.57051617,0.046864705,26654.52429,0.512176832,3.74184362
13521,-0.25,56.25,373971.3725,20.19,0.165055772,0.694807914,84,0.921093947,0.272727878,10.57051617,0.037419449,19749.49364,0.4849709,3.739208185
13522,0.25,56.25,914863.3346,15.14,0.153479438,0.726474922,103,0.798018064,0.282436588,10.67451773,0.063025587,37330.77082,0.447453094,3.78949462
13523,0.75,56.25,897022.1867,20.58,0.140114696,0.705007214,97,0.719236644,0.282436588,10.67451773,0.066044224,6021.192748,0.466413632,3.75178603
13524,1.25,56.25,574281.385,17.76,0.157110532,0.730572912,129,0.647518677,0.296386281,10.71476016,0.048205401,11044.12715,0.410514746,3.777364457
13525,1.75,56.25,1096257.143,21.78,0.122126147,0.699028794,117,0.652359549,0.296386281,10.71476016,0.118968565,28912.46867,0.41240359,3.7784169
13526,2.25,56.25,303277.115,16.9,0.198340103,0.726848894,80,0.648795287,0.312490577,10.71345267,0.054256097,22444.57569,0.421186589,3.757355708
13527,2.75,56.25,329586.244,12.3,0.232426376,0.769373952,72,0.64500335,0.312490577,10.71345267,0.052325734,105809.3395,0.427986757,3.794976896
13528,3.25,56.25,273603.5799,13.81,0.160027888,0.742141976,49,0.648373576,0.328007979,10.74330191,0.036803446,114473.2074,0.465668051,3.780615142
13529,3.75,56.25,136363.0259,14.37,0.246264863,0.742181959,71,0.632525243,0.328007979,10.74330191,0.035502182,192822.3313,0.417897902,3.754663769
13530,4.25,56.25,137062.8138,17.82,0.158156397,0.730438319,75,0.642589928,0.341875509,10.81768571,0.029291473,453294.3713,0.39970427,3.745611899
13531,4.75,56.25,172524.8163,12.69,0.171771314,0.751972932,45,0.623729191,0.341875509,10.81768571,0.066305537,628966.3163,0.456488641,3.783367378
13532,5.25,56.25,134383.3536,16.13,0.113174542,0.757605882,47,0.672760442,0.358603345,10.8987563,0.059599171,513718.1452,0.402607075,3.760011485
13533,5.75,56.25,152478.6262,28.32,0.124797314,0.735591059,49,0.85116207,0.358603345,10.8987563,0.159301541,508584.5415,0.580769592,3.646328901
13534,6.25,56.25,102230.8165,22.04,0.126300499,0.752130235,40,1.050316247,0.381218763,10.95173458,0.166911083,177924.5218,0.477513431,3.721748178
13535,6.75,56.25,93832.56351,24.84,0.096660607,0.727794,34,1.240088446,0.381218763,10.95173458,0.126770125,169957.9809,0.597428353,3.676009722
13536,7.25,56.25,79403.69362,26.3,0.090536732,0.742132866,30,1.557057726,0.410208514,10.92346173,0.080819959,167655.2315,0.573487984,3.679595411
13703,-9.25,55.75,554836.1647,30.69,0.090851112,0.702012002,124,1.067637586,0.165199795,11.83989651,0.22624336,528553.9016,0.229637604,3.956068663
13704,-8.75,55.75,626889.5402,29.28,0.077711009,0.679684193,99,1.147942719,0.175528784,11.67603229,0.122429874,696953.1829,0.277400862,3.929530477
13705,-8.25,55.75,724084.9397,31.4,0.102789224,0.641120191,97,1.078026598,0.175528784,11.67603229,0.219635231,517915.806,0.367114102,3.83915777
13706,-7.75,55.75,545934.6086,32.82,0.121866482,0.64232266,80,1.011321359,0.184399618,11.35243086,0.221500517,292129.3046,0.376280601,3.8448785
13707,-7.25,55.75,324143.8804,35.92,0.137709972,0.677323913,50,0.960810997,0.184399618,11.35243086,0.21787398,314998.0663,0.383527895,3.883068387
13708,-6.75,55.75,165096.7157,36.69,0.119775004,0.680097522,35,0.927117433,0.197067188,11.14350691,0.231724859,104270.8837,0.426942034,3.795112129
13711,-5.25,55.75,64224.98105,16.87,0.348613675,0.75610398,76,2.97420862,0.208084772,11.21973992,0.310987022,416565.0601,0.449518778,3.803958378
13719,-1.25,55.75,153860.8296,28.52,0.117524442,0.697502611,61,1.204885927,0.275714724,10.50993694,0.182589379,236384.2563,0.468730072,3.688394918
13720,-0.75,55.75,378559.2154,27.58,0.113034061,0.6983079,66,0.93743884,0.285884511,10.67326532,0.109409159,235018.3542,0.488078167,3.73155753
13722,0.25,55.75,450792.9396,15.15,0.214830912,0.741828495,75,0.704035065,0.294726023,10.77779277,0.104401644,37034.98535,0.468205348,3.77209139
13723,0.75,55.75,450425.6981,20.74,0.17038027,0.706867043,74,0.664300573,0.294726023,10.77779277,0.057992652,40060.07306,0.440600816,3.743068138
13724,1.25,55.75,422796.8184,17.29,0.198861414,0.722719837,93,0.665895436,0.308036481,10.85681816,0.042930904,5519.949849,0.441082403,3.748626967
13725,1.75,55.75,400774.3453,16.87,0.152041106,0.725006444,75,0.653212723,0.308036481,10.85681816,0.048568676,26367.98391,0.459616849,3.766605177
13726,2.25,55.75,492333.2117,18.94,0.151611544,0.714636849,80,0.647584487,0.32373421,10.9168987,0.078326844,74506.57573,0.424856119,3.76356779
13727,2.75,55.75,256942.6456,24.41,0.124520141,0.702875264,73,0.665036803,0.32373421,10.9168987,0.065689455,38530.33897,0.461420082,3.728528302
13728,3.25,55.75,107115.2121,20.26,0.1222359,0.736771,52,0.712757023,0.338438073,11.00269038,0.082913682,112980.4425,0.498037698,3.78543497
13729,3.75,55.75,71606.73723,14.01,0.182835688,0.765099575,44,0.745376937,0.338438073,11.00269038,0.072254724,395339.801,0.433632263,3.81342264
13730,4.25,55.75,74602.90374,13.02,0.175728643,0.770398269,38,0.791692156,0.351359855,11.10904629,0.030891566,1730905.362,0.461406433,3.794820832
13731,4.75,55.75,77884.91301,18.83,0.139753526,0.764745241,38,0.797174626,0.351359855,11.10904629,0.066407342,5410954.371,0.40638102,3.778969566
13732,5.25,55.75,192526.6424,21.91,0.107346104,0.751221841,52,0.712906962,0.368012249,11.18743895,0.103769894,1491182.668,0.546838857,3.727106143
13733,5.75,55.75,140641.6714,18.51,0.143329895,0.759655274,48,0.816095476,0.368012249,11.18743895,0.145714105,691419.0942,0.530348012,3.700282953
13734,6.25,55.75,68901.04828,22.63,0.125306373,0.756141617,42,1.14378413,0.392087675,11.19610449,0.219131939,1174336.175,0.625008943,3.645844756
13735,6.75,55.75,93308.53549,22.19,0.098127209,0.750850921,35,1.492216949,0.392087675,11.19610449,0.061952829,954514.3192,0.593311385,3.643272619
13736,7.25,55.75,73672.45005,26.49,0.068669693,0.769514472,30,1.88676827,0.424353451,11.10261388,0.04499478,759364.9305,0.596534908,3.608816895
13901,-10.25,55.25,1083952.405,31.43,0.052432584,0.743082013,1350,0.940362138,0.154871927,11.95006728,0.260482812,74521.66447,0.207998157,3.932376016
13902,-9.75,55.25,1187244.088,34.28,0.069652559,0.677913106,122,1.059863602,0.165199795,11.83989651,0.22519308,179995.3863,0.264561232,3.896608465
13903,-9.25,55.25,324071.235,31.42,0.124965761,0.667725834,104,1.034617186,0.165199795,11.83989651,0.192656405,616446.8363,0.341045173,3.871714097
13904,-8.75,55.25,338753.1538,28.53,0.160005363,0.65734096,81,0.975882779,0.175528784,11.67603229,0.164425314,225674.934,0.421312148,3.827229768
13905,-8.25,55.25,265165.7809,34.01,0.111038579,0.666735092,16,1.114603253,0.175528784,11.67603229,0.276192206,182746.0765,0.422223526,3.834142708
13908,-6.75,55.25,271812.1081,32.06,0.170241721,0.693362867,28,1.727155075,0.197067188,11.14350691,0.230389327,132740.9497,0.349525813,3.793302926
13909,-6.25,55.25,168133.4354,30.04,0.070841323,0.693352441,29,0.979249322,0.197067188,11.14350691,0.246880483,81612.43349,0.355142761,3.833458962
13911,-5.25,55.25,269092.5606,25.01,0.06401432,0.689803746,34,1.97033256,0.208084772,11.21973992,0.259637436,2153520.012,0.462449045,3.7234899
13919,-1.25,55.25,235149.4441,27.59,0.06737207,0.712928488,70,1.555299914,0.275714724,10.50993694,0.222900638,1882416.462,0.525309615,3.712145529
13921,-0.25,55.25,490705.0531,20.27,0.190493465,0.714305563,66,0.880609175,0.285884511,10.67326532,0.089800681,69847.82672,0.483036258,3.714036333
13922,0.25,55.25,756370.3641,26.63,0.130603471,0.705138931,71,0.749258749,0.294726023,10.77779277,0.084602235,43006.96797,0.462246292,3.744552051
13923,0.75,55.25,396455.1082,18.37,0.189437231,0.710778973,64,0.723450212,0.294726023,10.77779277,0.074615406,154516.9719,0.44546476,3.734519295
13924,1.25,55.25,251832.1234,21.83,0.147588392,0.72055811,47,0.760804157,0.308036481,10.85681816,0.098540121,555836.0139,0.467105727,3.738578526
13925,1.75,55.25,134914.8611,17.54,0.141227366,0.736667086,32,0.868050635,0.308036481,10.85681816,0.1405086,334230.0845,0.484291185,3.720037713
13926,2.25,55.25,74714.14356,17,0.109035224,0.763940178,33,0.862304645,0.32373421,10.9168987,0.099884309,190759.3293,0.549176979,3.773801583
13927,2.75,55.25,106008.6423,20.53,0.074777898,0.745767789,31,0.9071818,0.32373421,10.9168987,0.100903078,65609.06682,0.48349914,3.765432122
13928,3.25,55.25,42092.50668,16.61,0.124491271,0.790155816,29,0.93339592,0.338438073,11.00269038,0.055634857,137265.5337,0.431212771,3.804872333
13929,3.75,55.25,148380.4401,18.49,0.096583123,0.755616892,32,0.87064658,0.338438073,11.00269038,0.067760341,280168.4333,0.498862096,3.731226949
13930,4.25,55.25,176908.7659,17.67,0.101990029,0.757244672,37,0.772346959,0.351359855,11.10904629,0.065773782,592009.7745,0.498701976,3.724286434
13931,4.75,55.25,126888.604,17.05,0.123333047,0.750070178,45,0.756055701,0.351359855,11.10904629,0.070813339,1244176.333,0.583112921,3.659561649
13932,5.25,55.25,114597.3201,18.12,0.111501627,0.752824409,40,0.743274147,0.368012249,11.18743895,0.106710736,561841.5563,0.566738709,3.673240616
13933,5.75,55.25,146552.0764,16.8,0.135874221,0.775920408,45,0.808465319,0.368012249,11.18743895,0.11122801,620468.5432,0.518599992,3.715123121
13934,6.25,55.25,100222.266,26.17,0.127732279,0.735607015,42,1.221219051,0.392087675,11.19610449,0.15001194,1144763.49,0.607222865,3.681243998
13935,6.75,55.25,136069.5453,23.95,0.081634657,0.748875578,32,1.620175121,0.392087675,11.19610449,0.087796311,1018350.881,0.633040047,3.607569861
13936,7.25,55.25,51717.12721,21.04,0.081821152,0.805510902,20,1.915006216,0.424353451,11.10261388,0.090408703,761923.7222,0.539310724,3.618910819
13937,7.75,55.25,26376.17133,11,0.201037164,0.867862853,21,2.40123971,0.424353451,11.10261388,0.03120654,410100.2151,0.656307978,3.508974383
14100,-10.75,54.75,386222.3347,22.68,0.070808021,0.744067431,1401,0.917384168,0.163200555,12.15847686,0.21106859,285924.19,0.155066862,3.866842083
14101,-10.25,54.75,566961.8736,29.03,0.068788084,0.693964796,115,0.994352121,0.163200555,12.15847686,0.221426026,1312036.157,0.219334869,3.908548463
14102,-9.75,54.75,570063.0072,29.64,0.142894324,0.637617098,88,0.9823382,0.173845913,12.02208136,0.23778274,336845.6218,0.407968227,3.812113955
14103,-9.25,54.75,400560.0637,29.27,0.095104733,0.684300898,86,0.937446767,0.173845913,12.02208136,0.283494663,362158.405,0.32609631,3.857202096
14104,-8.75,54.75,418874.3269,33.61,0.101475199,0.633013375,154,1.304333593,0.179931282,11.74617958,0.240824434,219199.6127,0.447600985,3.804431745
14111,-5.25,54.75,81285.23933,31.76,0.112140947,0.674766627,187,1.270781405,0.217725457,11.53394431,0.257075457,379568.6584,0.400235082,3.76605159
14113,-4.25,54.75,236082.0393,35,0.055981729,0.67312511,22,2.162915031,0.230482844,11.71436212,0.268751804,31746.18623,0.517850457,3.696284126
14114,-3.75,54.75,187723.2242,25.4,0.108815261,0.67999839,9,2.836274963,0.239434581,11.72399737,0.206649586,37118.66087,0.590920817,3.682594683
14121,-0.25,54.75,708771.879,28.66,0.084898831,0.712238625,60,1.122066993,0.291449623,10.72303693,0.095177898,382210.7359,0.43811547,3.757939435
14122,0.25,54.75,958963.6866,19.64,0.122015884,0.726582397,63,0.894822421,0.304128951,10.89707579,0.069405363,249099.8488,0.431330274,3.747467597
14123,0.75,54.75,813889.7627,18.23,0.152637616,0.735019857,70,0.849066489,0.304128951,10.89707579,0.06209126,48065.34347,0.460367557,3.716272406
14124,1.25,54.75,229220.9988,18.43,0.096240781,0.744114385,35,1.079899054,0.315852087,11.02088293,0.098114663,699396.5707,0.495839942,3.740864521
14125,1.75,54.75,137634.9085,13.79,0.154024203,0.806635273,23,1.28008663,0.315852087,11.02088293,0.130862611,227655.5079,0.613399383,3.707928773
14126,2.25,54.75,74967.34463,10.59,0.16727268,0.836957958,20,1.164480097,0.33186748,11.16888244,0.080116085,65885.07149,0.516876908,3.75078305
14127,2.75,54.75,50627.86339,17.11,0.108815676,0.796001195,20,1.122382745,0.33186748,11.16888244,0.074865214,40010.16979,0.521231332,3.73457784
14128,3.25,54.75,148067.2019,17.28,0.129374194,0.772716343,30,0.884007232,0.346917068,11.31000819,0.072397154,49790.1708,0.537051745,3.701625798
14129,3.75,54.75,324254.3044,17.45,0.092200567,0.759005194,42,0.743204262,0.346917068,11.31000819,0.097619278,92776.04631,0.567102336,3.695810083
14130,4.25,54.75,188671.6831,16.83,0.12710557,0.763595169,48,0.813825412,0.360360036,11.43347755,0.239025939,216776.8737,0.568459739,3.663525824
14131,4.75,54.75,227520.3291,21.35,0.107532041,0.743023905,36,0.956891944,0.360360036,11.43347755,0.150591768,230346.6226,0.610302097,3.660906029
14132,5.25,54.75,133621.0154,17.45,0.140628874,0.765675102,43,1.036486038,0.378054976,11.48130832,0.13752447,818627.6797,0.595459406,3.669131224
14133,5.75,54.75,123643.9571,21.15,0.122804765,0.747555716,40,1.247100042,0.378054976,11.48130832,0.112561766,1090841.81,0.645721675,3.686944747
14134,6.25,54.75,153870.5747,24.68,0.089058053,0.746391542,39,1.520878085,0.404022597,11.4227772,0.097574135,1013320.536,0.656238042,3.620241446
14135,6.75,54.75,144327.554,24,0.080683021,0.764097864,36,1.724571473,0.404022597,11.4227772,0.11655327,481094.7592,0.598343967,3.659646425
14136,7.25,54.75,75949.43286,21.33,0.082210282,0.800031518,25,2.061625855,0.437504943,11.29095728,0.045459492,526996.6115,0.532068009,3.60619527
14137,7.75,54.75,15803.53249,15.96,0.146372835,0.84095572,19,2.699824368,0.437504943,11.29095728,0.036113533,654832.0971,0.46017653,3.643426022
14138,8.25,54.75,29359.41104,16.06,0.169405277,0.870869633,2,3.440194486,0.471121165,11.13175587,0.057738483,541996.6533,0.449502029,3.604572966
14299,-11.25,54.25,325103.7452,24.43,0.074799096,0.755661388,276,0.930402871,0.153795026,12.21855208,0.244280367,1620498.331,0.31997205,3.873628143
14300,-10.75,54.25,541214.5367,28.66,0.107869764,0.642796808,186,0.965810942,0.163200555,12.15847686,0.211235084,3128653.492,0.294679168,3.874834747
14301,-10.25,54.25,625818.7521,29.09,0.091913424,0.625413641,47,1.252495608,0.163200555,12.15847686,0.255384003,279439.8014,0.421628296,3.82905801
14311,-5.25,54.25,150127.1852,32.72,0.085470068,0.643502815,98,1.178047187,0.217725457,11.53394431,0.246043406,2835774.326,0.451508422,3.761015569
14312,-4.75,54.25,187789.8552,29.55,0.108471487,0.666618152,9,1.157258649,0.230482844,11.71436212,0.310588293,733657.1957,0.374266025,3.811392767
14313,-4.25,54.25,550972.1183,32.24,0.073132462,0.683884774,25,1.381462786,0.230482844,11.71436212,0.218484485,174426.1913,0.513203106,3.72446424
14314,-3.75,54.25,288779.8412,30.13,0.07072706,0.672349708,29,1.853113202,0.239434581,11.72399737,0.226366293,890881.0284,0.585299,3.707866631
14321,-0.25,54.25,378182.6708,18.5,0.128702973,0.751948826,31,1.892733958,0.291449623,10.72303693,0.238779707,333926.578,0.423717152,3.750000005
14322,0.25,54.25,2401202.837,25.15,0.058837088,0.726402782,44,1.396753481,0.304128951,10.89707579,0.174133391,1937241.838,0.418068298,3.720663864
14323,0.75,54.25,581845.6081,21.17,0.091997306,0.741233421,41,1.152012472,0.304128951,10.89707579,0.021543306,438614.5683,0.469794622,3.703940527
14324,1.25,54.25,306095.5995,18.91,0.130141438,0.764313201,42,1.070976555,0.315852087,11.02088293,0.040573785,218405.6083,0.432973126,3.757173764
14325,1.75,54.25,644763.9733,22.34,0.096496167,0.746362451,33,1.145235236,0.315852087,11.02088293,0.101303697,355811.1821,0.536992241,3.734069672
14326,2.25,54.25,216036.0703,24.04,0.104437089,0.744388419,31,1.152499499,0.33186748,11.16888244,0.12964338,183887.1587,0.580806888,3.6776481
14327,2.75,54.25,307090.9932,28.48,0.087888478,0.730048392,45,0.961334347,0.33186748,11.16888244,0.113303929,242864.079,0.541972503,3.688974619
14328,3.25,54.25,173748.6506,21.25,0.124157166,0.732787922,35,0.901073306,0.346917068,11.31000819,0.112939197,218691.4305,0.524717027,3.700561393
14329,3.75,54.25,275711.3461,22.41,0.110299853,0.73924642,41,0.884145576,0.346917068,11.31000819,0.099540155,230592.6382,0.60652729,3.663509888
14330,4.25,54.25,175020.4001,25.17,0.093279288,0.741305333,46,0.983329127,0.360360036,11.43347755,0.156795163,498951.327,0.610466881,3.642213318
14331,4.75,54.25,70708.49516,17.33,0.139862798,0.797369359,38,1.233242254,0.360360036,11.43347755,0.260268032,716170.644,0.623203855,3.627624249
14332,5.25,54.25,65448.08709,20.5,0.1241449,0.770098812,40,1.454509516,0.378054976,11.48130832,0.148825317,NA,0.656685471,3.604956994
14333,5.75,54.25,92954.42276,20.81,0.113367829,0.767169925,34,1.647121819,0.378054976,11.48130832,0.101370947,NA,0.651910551,3.595962676
14334,6.25,54.25,132979.8476,21.12,0.090657161,0.77176571,34,1.85300844,0.404022597,11.4227772,0.079837492,674008.6933,0.654016804,3.596584954
14335,6.75,54.25,200127.583,17.77,0.094206745,0.778667427,36,1.886990904,0.404022597,11.4227772,0.07259522,676130.8262,0.628850039,3.612344978
14336,7.25,54.25,314624.2143,20.8,0.062845839,0.810991979,35,2.008669102,0.437504943,11.29095728,0.092433427,2126727.524,0.565943008,3.629357457
14337,7.75,54.25,37667.65475,20.89,0.110534673,0.824070293,32,2.465857098,0.437504943,11.29095728,0.130212607,1425115.607,0.631602966,3.537017911
14338,8.25,54.25,27847.89431,25.58,0.159863126,0.862203843,16,3.349135427,0.471121165,11.13175587,0.152979111,1565886.166,0.558988587,3.612489346
14498,-11.75,53.75,381524.7629,33.57,0.047950016,0.705356205,292,0.905107993,0.158739786,12.47196831,0.216345379,604973.0265,0.331173175,3.811489104
14499,-11.25,53.75,469800.2564,32.64,0.059994544,0.647230418,199,0.888256713,0.158739786,12.47196831,0.176337131,4072579.774,0.348952881,3.806876495
14500,-10.75,53.75,943811.8366,25.57,0.133098455,0.629626836,119,0.894056432,0.169106733,12.40083654,0.169533556,2463598.205,0.368003244,3.856205045
14501,-10.25,53.75,491956.7341,26.04,0.09790227,0.678714285,75,1.132497352,0.169106733,12.40083654,0.258888667,28751.15179,0.519882594,3.891398128
14510,-5.75,53.75,354485.4582,33.87,0.094596207,0.653421672,70,1.181765909,0.220713885,11.87314041,0.244997092,5526013.559,0.518524637,3.711550606
14511,-5.25,53.75,389376.1631,28.68,0.137298511,0.657892748,69,1.085053076,0.220713885,11.87314041,0.271889271,2771305.7,0.379214625,3.788909091
14512,-4.75,53.75,370998.3755,35.28,0.113053696,0.663758009,45,1.153850758,0.228585329,11.85657652,0.27194839,442213.0432,0.446301644,3.773925219
14513,-4.25,53.75,264048.8163,32.92,0.135089459,0.692471213,41,1.258775959,0.228585329,11.85657652,0.294578821,613612.8387,0.459252663,3.707046495
14514,-3.75,53.75,246605.1252,31.73,0.085490877,0.678038375,32,1.678807668,0.239434581,11.72399737,0.213505702,654263.1025,0.541572763,3.694016835
14522,0.25,53.75,1597409.716,25.58,0.046013223,0.7289412,20,2.628314812,0.309019002,10.97773479,0.277123306,299462.6139,0.477509737,3.653367912
14523,0.75,53.75,745931.8941,33.9,0.055329921,0.721961794,32,1.896916611,0.309019002,10.97773479,0.255277113,43814.1494,0.542446048,3.659707263
14524,1.25,53.75,205368.6139,24.77,0.084723188,0.758744405,31,1.858097769,0.32027458,11.37092942,0.155682666,27407.04648,0.591801077,3.662355954
14525,1.75,53.75,1476959.659,25.73,0.069819116,0.735640919,29,1.734672107,0.32027458,11.37092942,0.137825652,64512.40111,0.517374343,3.677867717
14526,2.25,53.75,264220.5732,21.54,0.091908108,0.780641351,31,1.562809772,0.333756163,11.53845408,0.136536576,146212.7362,0.547341698,3.715625224
14527,2.75,53.75,509410.9502,25.63,0.066961327,0.741657947,32,1.461949751,0.333756163,11.53845408,0.153263809,314330.1742,0.545078517,3.680142012
14528,3.25,53.75,151104.6371,24.11,0.086419044,0.753946197,36,1.436698529,0.349157799,11.68139697,0.12456153,NA,0.583926171,3.688959767
14529,3.75,53.75,137410.024,24.98,0.094162323,0.760358168,37,1.498629435,0.349157799,11.68139697,0.092927159,514472.6112,0.595418151,3.642639981
14530,4.25,53.75,63281.59404,16.74,0.117958839,0.804673006,41,1.627588142,0.364532691,11.77581308,0.253494948,799554.1927,0.661622891,3.621557742
14531,4.75,53.75,87341.29232,23.12,0.12868677,0.775106938,27,1.893359685,0.364532691,11.77581308,0.267735869,1516538.998,0.632047422,3.642626161
14532,5.25,53.75,71288.64236,21.15,0.117172534,0.779804636,31,2.346678924,0.380813144,11.77975356,0.146905719,3001187.521,0.652299055,3.639045788
14533,5.75,53.75,59748.13088,21.99,0.077719094,0.80251824,26,2.603402203,0.380813144,11.77975356,0.061771673,NA,0.656337577,3.569521169
14534,6.25,53.75,18425.63012,22.54,0.133085308,0.820028009,21,2.779244851,0.409316732,11.52576265,0.061623666,2332500.856,0.543078227,3.595824889
14535,6.75,53.75,11524.71045,20.5,0.20182333,0.89991708,16,3.223663914,0.409316732,11.52576265,0.06125755,1308045.382,0.474526336,3.644520672
14536,7.25,53.75,25988.32388,20.16,0.103594657,0.85563274,3,3.326208624,0.442837132,11.37766991,0.082646998,990235.7952,0.537147897,3.57117428
14697,-12.25,53.25,570028.4922,28.42,0.055457357,0.721093145,300,0.789308133,0.150989137,12.50126361,0.242192299,181462.8256,0.276404862,3.825598242
14698,-11.75,53.25,459343.5573,28.7,0.075046868,0.63271077,185,0.811300585,0.158739786,12.47196831,0.155230623,350158.534,0.34684659,3.803866807
14699,-11.25,53.25,1236318,28.39,0.095150553,0.607126568,148,0.825639692,0.158739786,12.47196831,0.167536103,279781.7078,0.396074694,3.847701743
14700,-10.75,53.25,1100427.981,30.6,0.091528647,0.607881686,116,0.859759699,0.169106733,12.40083654,0.196231514,310758.0872,0.393967669,3.806152761
14701,-10.25,53.25,220099.3807,28.73,0.168447779,0.637374026,94,1.048289888,0.169106733,12.40083654,0.241680697,432386.323,0.336872466,3.871051261
14702,-9.75,53.25,351661.0323,33.8,0.121475813,0.64788786,7,1.490310535,0.176689687,12.31683213,0.282309764,373704.5194,0.431257304,3.802505136
14710,-5.75,53.25,459243.3986,31.9,0.103625836,0.678050106,39,1.712800435,0.220713885,11.87314041,0.182156564,488750.5903,0.428129193,3.758598683
14711,-5.25,53.25,282267.5392,25.29,0.128567013,0.699902738,110,1.033671906,0.220713885,11.87314041,0.235471733,390059.1667,0.218698629,3.833293267
14723,0.75,53.25,190847.8537,26.88,0.100976414,0.781022945,14,3.46587135,0.309019002,10.97773479,0.247648393,31228.07716,0.532574597,3.639440859
14724,1.25,53.25,92538.48572,21.01,0.165727269,0.796022966,22,2.430386129,0.32027458,11.37092942,0.23863875,83737.12389,0.577066626,3.608252917
14725,1.75,53.25,73890.17357,27.88,0.077365859,0.768046537,32,2.079679106,0.32027458,11.37092942,0.13528834,117889.9683,0.507234313,3.677339588
14726,2.25,53.25,146951.8213,26.7,0.089461743,0.77112899,23,2.052779851,0.333756163,11.53845408,0.05703072,394887.8237,0.538343866,3.700355771
14727,2.75,53.25,89758.24767,25.64,0.080917605,0.79480898,31,2.346959464,0.333756163,11.53845408,0.057907532,603992.3338,0.588978572,3.701879389
14728,3.25,53.25,86469.38891,23.64,0.082091285,0.788030556,28,2.646518497,0.349157799,11.68139697,0.053219366,645881.479,0.578801255,3.675644119
14729,3.75,53.25,65907.33471,18.5,0.096769935,0.809124168,25,2.630079856,0.349157799,11.68139697,0.035756683,1057170.227,0.692893472,3.623248175
14730,4.25,53.25,553542.1974,23.14,0.087621019,0.790616182,29,2.366381458,0.364532691,11.77581308,0.0466893,1156390.801,0.597817939,3.683530684
14897,-12.25,52.75,404529.5746,28.85,0.060013708,0.699424545,341,0.71238006,0.153424831,12.82918773,0.238260116,262902.7804,0.35109729,3.82309255
14898,-11.75,52.75,419573.6612,28.42,0.128237236,0.603600623,161,0.756153621,0.16107528,12.76303447,0.145809245,129720.0671,0.381867533,3.850687393
14899,-11.25,52.75,1381974.319,30.43,0.097025278,0.600675157,129,0.783996149,0.16107528,12.76303447,0.192530686,78932.37561,0.379509068,3.864503996
14900,-10.75,52.75,558497.7109,29.38,0.117309061,0.608209854,114,0.855713761,0.17144306,12.68312619,0.233623346,31625.31634,0.360380068,3.82462202
14901,-10.25,52.75,516806.8852,31.75,0.099408027,0.635234725,92,0.995137538,0.17144306,12.68312619,0.208616718,414065.1391,0.456541545,3.815829972
14902,-9.75,52.75,555775.9707,38.14,0.089866973,0.656030534,54,1.477819527,0.178923579,12.64280406,0.282385235,318416.0652,0.515294814,3.77080008
14910,-5.75,52.75,183173.3988,24.41,0.179087219,0.730537298,58,1.557845028,0.217702631,12.23320898,0.230395926,61382.99642,0.393655353,3.741751086
14911,-5.25,52.75,125668.1279,22.38,0.197852298,0.739661516,90,1.076038231,0.217702631,12.23320898,0.245984987,48897.32286,0.394000265,3.742959286
14912,-4.75,52.75,173374.8856,23,0.10991969,0.763641634,34,1.297448547,0.224735426,12.18544651,0.263805294,30118.59838,0.427321361,3.68032663
14913,-4.25,52.75,209954.6786,29.51,0.08251509,0.786724129,7,1.742299826,0.224735426,12.18544651,0.2259349,2353.596409,0.521538066,3.697810671
14925,1.75,52.75,32898.35737,24.03,0.1951395,0.820205866,23,3.127434085,0.318123101,11.91648653,0.212088562,34855.859,0.490470093,3.688600971
14926,2.25,52.75,153257.2451,24.41,0.158007316,0.786737967,31,2.816685491,0.327626984,11.98894149,0.126278899,1671171.546,0.546415783,3.678220027
14927,2.75,52.75,32230.808,20.66,0.223179999,0.781401034,32,2.382206429,0.327626984,11.98894149,0.082577357,758458.2966,0.537746447,3.732136232
14928,3.25,52.75,329506.3594,26.74,0.093538997,0.773044295,30,2.463598467,0.344229157,12.06636036,0.040194064,866002.2652,0.529847559,3.695029921
14929,3.75,52.75,289423.3264,13.78,0.167702005,0.849340467,24,2.51240745,0.344229157,12.06636036,0.003432171,2290667.093,0.615134485,3.73247629
14930,4.25,52.75,279986.4176,17.87,0.118964788,0.840828764,22,3.159335355,0.360114488,12.10635169,0.009080631,4559363.266,0.57014645,3.720437618
15097,-12.25,52.25,174167.0688,29.91,0.107001909,0.761756785,712,0.659064491,0.153424831,12.82918773,0.252845422,90989.50459,0.396001752,3.765997645
15098,-11.75,52.25,355489.9849,32.37,0.107427777,0.645783894,319,0.690584303,0.16107528,12.76303447,0.185321762,414112.2483,0.336820653,3.842945175
15099,-11.25,52.25,343487.3369,28.12,0.119134003,0.603999929,140,0.75856078,0.16107528,12.76303447,0.160023088,634092.7684,0.384559276,3.836698813
15100,-10.75,52.25,278095.1146,28.81,0.101917453,0.611488413,112,0.951636012,0.17144306,12.68312619,0.251241756,79610.10506,0.384680982,3.833730711
15109,-6.25,52.25,734362.5438,31.44,0.158863926,0.663964971,23,1.601541045,0.209083306,12.49745665,0.203672924,146458.0305,0.366647186,3.808950792
15110,-5.75,52.25,271719.3479,27.22,0.112638322,0.700784139,93,0.99214911,0.217702631,12.23320898,0.262751354,27459.85193,0.324741411,3.791014375
15112,-4.75,52.25,484773.9263,24.92,0.113060928,0.712235717,27,1.279513106,0.224735426,12.18544651,0.258730305,46762.31828,0.449906629,3.697489502
15113,-4.25,52.25,65723.88044,16.13,0.170262922,0.804255382,138,1.392550991,0.224735426,12.18544651,0.218239824,8906.752779,0.544292406,3.731932066
15125,1.75,52.25,62912.98307,28.86,0.15213796,0.795903081,22,3.368608874,0.318123101,11.91648653,0.279263932,307125.8772,0.472813244,3.651031885
15126,2.25,52.25,61035.82708,30.13,0.145515086,0.774615809,49,2.722678318,0.327626984,11.98894149,0.180220488,897162.2356,0.489783736,3.662546476
15127,2.75,52.25,111376.3551,22.02,0.133245187,0.77448054,34,2.271396643,0.327626984,11.98894149,0.060017472,447787.4535,0.435893467,3.742274859
15128,3.25,52.25,158943.8511,17.68,0.119477215,0.833782601,25,2.747312972,0.344229157,12.06636036,0.005589469,1066467.516,0.618870859,3.727900287
15129,3.75,52.25,52695.59716,19.59,0.186184635,0.842109485,21,3.326849012,0.344229157,12.06636036,0.012986026,3870928.06,0.566139729,3.682993603
15130,4.25,52.25,52310.3002,18.03,0.088921678,0.875779832,17,3.803914112,0.360114488,12.10635169,0.035500682,4939633.046,0.578989399,3.718393519
15298,-11.75,51.75,296476.8991,29.62,0.075616829,0.70061911,532,0.647687104,0.161233872,13.1159467,0.23272033,202724.662,0.362304217,3.842905503
15299,-11.25,51.75,230529.8417,29.96,0.094182517,0.597643054,202,0.730938095,0.161233872,13.1159467,0.128909991,553147.1971,0.344568113,3.862568991
15300,-10.75,51.75,394907.8364,33.76,0.101634934,0.596647027,143,0.941167355,0.171466993,13.02503974,0.145536502,592008.6544,0.433342109,3.798861352
15301,-10.25,51.75,442424.5611,34.33,0.127181786,0.628082483,2,1.218441495,0.171466993,13.02503974,0.235088557,147260.7997,0.440171831,3.799190437
15305,-8.25,51.75,338212.2041,40.16,0.117852541,0.625785167,20,1.276536576,0.192927488,13.11624213,0.30571043,551311.6487,0.495995525,3.787849043
15306,-7.75,51.75,560432.2695,32.37,0.10557763,0.626302068,80,1.123709118,0.197760589,13.04047743,0.362129131,956720.6547,0.443361317,3.795381733
15307,-7.25,51.75,501788.9645,37.54,0.112572711,0.631796077,71,0.975199166,0.197760589,13.04047743,0.302328106,969783.9706,0.453539349,3.814847528
15308,-6.75,51.75,518138.991,34.1,0.130651779,0.642305367,69,1.025014429,0.204845671,12.70954361,0.233647212,745236.4021,0.489713,3.782111395
15309,-6.25,51.75,946354.318,36.38,0.101238406,0.634918932,85,1.107644386,0.204845671,12.70954361,0.155041098,662151.1594,0.41099182,3.809490455
15310,-5.75,51.75,951664.7546,32.85,0.095713199,0.666459136,101,1.214450933,0.210709428,12.63457681,0.239601426,305505.7359,0.373087136,3.848843496
15325,1.75,51.75,100587.9828,33.01,0.121026179,0.792986237,32,3.189546591,0.300368268,12.43006799,0.277938583,2043040.169,0.522949803,3.679732498
15326,2.25,51.75,126627.6275,23.67,0.145997274,0.784970646,30,2.451007736,0.323166551,12.21621071,0.158933167,3609154.447,0.46679192,3.66373581
15327,2.75,51.75,623931.5971,23.51,0.052781247,0.786804829,23,2.937488032,0.323166551,12.21621071,0.037390088,2772748.805,0.489693562,3.691128831
15328,3.25,51.75,30112.5471,13.4,0.148353631,0.885781561,22,3.537377507,0.340772412,12.24697686,0.040634215,2569952.014,0.606116774,3.79579045
15329,3.75,51.75,55160.73062,19.6,0.117540738,0.877092844,5,4.06748788,0.340772412,12.24697686,0.072333245,NA,0.573229989,3.61700496
15499,-11.25,51.25,209720.969,29.31,0.109519928,0.615180838,208,0.695172626,0.161233872,13.1159467,0.174491012,287703.5604,0.344665448,3.869475143
15500,-10.75,51.25,231044.4887,29.63,0.082575225,0.577936891,161,0.762149629,0.171466993,13.02503974,0.152350458,271245.6517,0.393615522,3.838124023
15501,-10.25,51.25,246122.6895,32.55,0.164331819,0.590123141,130,0.863482894,0.171466993,13.02503974,0.157839682,720517.9064,0.421936489,3.808323132
15502,-9.75,51.25,479270.9344,43.95,0.111815585,0.628381198,110,0.965660006,0.182386354,12.97128553,0.219399622,427279.5183,0.408226377,3.820114514
15503,-9.25,51.25,243595.959,38.59,0.157258923,0.615897363,106,0.947613988,0.182386354,12.97128553,0.211500886,464915.4391,0.430847541,3.778049503
15504,-8.75,51.25,271007.7025,33.63,0.120878075,0.611312659,107,0.890983244,0.192927488,13.11624213,0.203219115,1135611.574,0.398216259,3.790893165
15505,-8.25,51.25,512013.5336,32.04,0.091422432,0.623258952,102,0.854619454,0.192927488,13.11624213,0.208950699,1515959.718,0.376090141,3.815530684
15506,-7.75,51.25,557975.0946,34.89,0.088158435,0.625782838,99,0.759673754,0.197760589,13.04047743,0.311449818,841016.4198,0.394574061,3.825996871
15507,-7.25,51.25,577950.4346,33.33,0.109743573,0.628135424,93,0.721424934,0.197760589,13.04047743,0.286703033,434498.1862,0.407671691,3.813909369
15508,-6.75,51.25,1169722.447,33.02,0.08820154,0.635979272,88,0.850096245,0.204845671,12.70954361,0.191528169,721059.9451,0.393766799,3.803074063
15509,-6.25,51.25,779891.694,32.85,0.094552078,0.646238113,123,0.928029397,0.204845671,12.70954361,0.250325776,2291628.944,0.405117902,3.800693262
15510,-5.75,51.25,1028778.702,34.38,0.091895857,0.649248627,80,1.004204304,0.210709428,12.63457681,0.08574472,1487876.448,0.403812061,3.806215095
15511,-5.25,51.25,517191.6773,32.99,0.092704529,0.702247726,72,1.112756575,0.210709428,12.63457681,0.082259322,2742132.818,0.365152191,3.819272087
15512,-4.75,51.25,1089340.109,32.38,0.112169127,0.687586172,36,1.38102005,0.216758209,12.58560469,0.256970672,551678.2313,0.427091913,3.723623575
15525,1.75,51.25,173513.2578,33.15,0.094683557,0.772770342,33,2.443408128,0.300368268,12.43006799,0.24424309,3630156.211,0.446589263,3.677407932
15526,2.25,51.25,275954.6242,27.43,0.066675534,0.797853504,16,3.025275144,0.323166551,12.21621071,0.170306445,4655658.325,0.481583633,3.678036715
15699,-11.25,50.75,1303024.144,31.35,0.088124827,0.638623984,887,0.624421286,0.159925182,13.52309235,0.211621638,276171.2057,0.365122495,3.85179148
15700,-10.75,50.75,160331.1263,31.27,0.086489581,0.594651687,131,0.714844234,0.169055838,13.44054403,0.166754451,150688.2926,0.375809896,3.841677099
15701,-10.25,50.75,188054.4721,26.42,0.121816429,0.572474055,101,0.741657345,0.169055838,13.44054403,0.201756111,102580.1247,0.378848988,3.866832776
15702,-9.75,50.75,321749.128,29.06,0.114737782,0.592831511,122,0.741922099,0.180720729,13.36822559,0.234381135,133527.9843,0.404323837,3.821452804
15703,-9.25,50.75,319199.2043,31.75,0.125129851,0.600469374,124,0.763316066,0.180720729,13.36822559,0.237477474,105016.3563,0.384420304,3.84004389
15704,-8.75,50.75,210365.022,29.74,0.146733597,0.618962056,113,0.78376838,0.189748391,13.31610037,0.255338023,NA,0.365123564,3.839117461
15705,-8.25,50.75,142628.6054,26.19,0.170269645,0.646860973,92,0.786594163,0.189748391,13.31610037,0.251572687,502265.1503,0.329656813,3.856537136
15706,-7.75,50.75,275861.7855,30.74,0.101935639,0.632781215,107,0.791263438,0.194299418,13.23976539,0.235878485,639450.6333,0.347146568,3.852433466
15707,-7.25,50.75,144799.4979,25.15,0.17363559,0.659564813,110,0.734875978,0.194299418,13.23976539,0.21663562,503544.2517,0.283954842,3.917855413
15709,-6.25,50.75,428771.318,27.69,0.144377493,0.640698613,93,0.795598066,0.196437447,13.14174993,0.17004803,1554853.312,0.351464848,3.856147318
15720,-0.75,50.75,75399.84085,22.53,0.108195064,0.764016138,10,2.046217577,0.238712798,13.12384974,0.274511758,404843.9528,0.220945374,3.777111447
15721,-0.25,50.75,80312.37507,26.87,0.09566763,0.742681764,15,1.543094218,0.238712798,13.12384974,0.219402092,3117640.169,0.377988344,3.699022389
15723,0.75,50.75,223245.2222,32.31,0.115731395,0.73984099,36,1.574661062,0.251012452,13.03251398,0.185067643,5784230.723,0.429290837,3.708020885
15724,1.25,50.75,102202.8154,28.67,0.137209777,0.749176083,22,1.863899085,0.286359404,12.64829413,0.221296195,4828823.012,0.415959726,3.689380289
15899,-11.25,50.25,139198.0955,28.46,0.165808185,0.73018799,803,0.610393801,0.159925182,13.52309235,0.206527406,119262.2595,0.472650994,3.769405326
15900,-10.75,50.25,171534.0866,28.16,0.108266095,0.577835574,172,0.675910352,0.169055838,13.44054403,0.162545556,136887.5297,0.387414411,3.862933849
15901,-10.25,50.25,194189.3836,24.91,0.159755704,0.560194305,125,0.712828315,0.169055838,13.44054403,0.195485425,30924.6482,0.416171527,3.90072708
15902,-9.75,50.25,123757.6739,27.43,0.11663948,0.594957527,135,0.664064361,0.180720729,13.36822559,0.237706104,34193.14845,0.398306226,3.87435827
15903,-9.25,50.25,122839.2429,29.99,0.140009749,0.60629637,50,0.7047316,0.180720729,13.36822559,0.233341652,107044.4148,0.378885119,3.84777852
15904,-8.75,50.25,132416.86,26.15,0.155657691,0.621171221,128,0.688884954,0.189748391,13.31610037,0.204840063,277748.5494,0.313632033,3.885949637
15905,-8.25,50.25,134774.5723,28.18,0.183614493,0.620186825,119,0.717848035,0.189748391,13.31610037,0.252827992,1026625.335,0.303895457,3.91542012
15906,-7.75,50.25,163008.8265,24.18,0.170004741,0.629658501,104,0.78719483,0.194299418,13.23976539,0.274088737,679357.7747,0.352953681,3.901722603
15907,-7.25,50.25,145610.9433,27.51,0.149593702,0.655847936,106,0.752033469,0.194299418,13.23976539,0.247348167,859409.0233,0.274506781,3.907272117
15919,-1.25,50.25,75440.46884,20.16,0.108576974,0.786215256,62,1.229952069,0.220663659,13.21255775,0.200579492,1042560.333,0.150579201,3.877190825
15920,-0.75,50.25,103346.8538,21.82,0.109399667,0.77888926,48,1.025649592,0.238712798,13.12384974,0.216342514,NA,0.246190046,3.837256547
15921,-0.25,50.25,137634.9333,14.93,0.148485293,0.801340471,49,0.931645663,0.238712798,13.12384974,0.250372848,7809795.306,0.260307523,3.774930945
15922,0.25,50.25,161156.2144,24.35,0.087458279,0.773394852,37,1.101274799,0.251012452,13.03251398,0.226857505,8757624.236,0.367044423,3.71570273
15923,0.75,50.25,63222.41615,27.33,0.105777648,0.784206427,33,1.428638012,0.251012452,13.03251398,0.243283469,5533017.174,0.42084964,3.692114617
15924,1.25,50.25,267138.4849,27.42,0.094970782,0.774807457,13,2.812801679,0.286359404,12.64829413,0.216618995,2344803.24,0.417511527,3.704160455
16099,-11.25,49.75,378835.8913,29.65,0.084766608,0.713912146,365,0.606384068,0.159233272,13.92894484,0.259536832,228585.9048,0.359140851,3.857892335
16100,-10.75,49.75,273681.6753,27.39,0.060446839,0.576550695,158,0.684798913,0.166032327,13.87239352,0.145217239,137900.7573,0.392174542,3.868420873
16101,-10.25,49.75,81616.99467,17.76,0.242857913,0.618088841,150,0.656229996,0.166032327,13.87239352,0.198086385,40565.49854,0.413850545,3.876538118
16102,-9.75,49.75,316437.5686,26.42,0.100595027,0.606225211,151,0.61466962,0.175009184,13.81100677,0.210775844,70245.74379,0.392758004,3.869414354
16103,-9.25,49.75,79702.30059,28.85,0.104821092,0.617378448,154,0.607177754,0.175009184,13.81100677,0.181701796,114371.0905,0.467474688,3.838145952
16104,-8.75,49.75,114655.8626,26.21,0.151131728,0.607022229,133,0.614082957,0.182261773,13.75319666,0.158767258,190664.9179,0.442672377,3.849532193
16105,-8.25,49.75,125815.3515,31.38,0.115208704,0.617477459,146,0.655039689,0.182261773,13.75319666,0.187792706,803225.7432,0.378513066,3.878773314
16106,-7.75,49.75,142252.6643,24.32,0.143369643,0.657089358,101,0.684003587,0.186191789,13.68555753,0.181731508,1056278.471,0.27075643,3.961876454
16107,-7.25,49.75,212830.1687,29.3,0.13106976,0.648887644,111,0.68803483,0.186191789,13.68555753,0.186529987,1120920.275,0.380978603,3.868903954
16118,-1.75,49.75,121127.6933,16.34,0.245685891,0.8026015,50,0.808389802,0.220663659,13.21255775,0.267185295,470683.6041,0.206533813,3.819017606
16119,-1.25,49.75,105128.1679,23.96,0.138765123,0.809515404,40,1.188934981,0.220663659,13.21255775,0.263835024,1140281.21,0.332148432,3.70855211
16120,-0.75,49.75,86128.49546,19.59,0.174872502,0.811448901,40,1.153351027,0.238712798,13.12384974,0.265208486,3082074.792,0.326302228,3.753162705
16121,-0.25,49.75,199856.1581,20.83,0.112091511,0.793087021,33,1.655493706,0.238712798,13.12384974,0.242671784,4622263.142,0.34430823,3.702247315
16122,0.25,49.75,126690.5332,29.35,0.091732104,0.795126959,6,1.446641702,0.251012452,13.03251398,0.258824189,905101.9968,0.416335332,3.692250024
16299,-11.25,49.25,285111.2789,22.28,0.086105976,0.597341046,233,0.60537328,0.159233272,13.92894484,0.166355691,180333.8128,0.414915497,3.80643277
16300,-10.75,49.25,103366.0645,21.9,0.10728507,0.580157509,158,0.678618406,0.166032327,13.87239352,0.136473502,80266.12328,0.440971262,3.850141036
16301,-10.25,49.25,139635.9101,24.89,0.141068597,0.58068199,165,0.663739209,0.166032327,13.87239352,0.168336263,56028.64545,0.476703575,3.86090452
16302,-9.75,49.25,114139.8542,25.45,0.079723133,0.569852258,158,0.615396924,0.175009184,13.81100677,0.16280699,55702.63846,0.450208058,3.891945349
16303,-9.25,49.25,102090.1027,20.92,0.18660173,0.573399553,145,0.591033425,0.175009184,13.81100677,0.117917061,64714.65142,0.384542706,3.879078556
16304,-8.75,49.25,185048.3329,23.92,0.120778623,0.564197455,176,0.580406798,0.182261773,13.75319666,0.112079875,90814.60261,0.425091231,3.886879004
16305,-8.25,49.25,227954.2752,28.72,0.102001195,0.584757651,141,0.579483558,0.182261773,13.75319666,0.119414869,235263.2332,0.396843917,3.914716452
16307,-7.25,49.25,465795.7699,25.32,0.083596953,0.594805844,132,0.575257394,0.186191789,13.68555753,0.185520886,717707.1936,0.391836091,3.911649768
16308,-6.75,49.25,258259.101,19.5,0.118425225,0.640949246,120,0.65437094,0.18707689,13.60786627,0.144526361,1436303.286,0.307627184,3.960127883
16500,-10.75,48.75,133756.3829,18.65,0.111137086,0.620655275,1473,0.609614367,0.164083339,14.2898805,0.175682162,46182.82614,0.484647785,3.855391668
16501,-10.25,48.75,1968307.59,16.71,0.20162045,0.81447027,302,0.665028673,0.164083339,14.2898805,0.158624357,67491.0312,0.330567208,3.867407265
16502,-9.75,48.75,193967.136,22.52,0.126618964,0.549579451,208,0.666602576,0.169514878,14.25929046,0.110425644,44689.18096,0.386967191,3.934924871
16503,-9.25,48.75,182857.0962,20.81,0.204928418,0.563706192,163,0.637991299,0.169514878,14.25929046,0.10168547,68113.11478,0.411895702,3.950057506
16504,-8.75,48.75,243632.5192,21.35,0.199082242,0.564360767,177,0.590787939,0.174341249,14.22958393,0.100014889,193287.1612,0.48509472,3.875321429
16505,-8.25,48.75,301643.482,22.22,0.125513325,0.574858173,177,0.57940768,0.174341249,14.22958393,0.127135505,269140.6145,0.372684337,3.992864317
16506,-7.75,48.75,137488.7504,19.93,0.127285212,0.635288929,127,0.527811482,0.177636861,14.1884065,0.163720764,321824.0394,0.347521076,3.965850846
16507,-7.25,48.75,501913.4965,23.17,0.097985737,0.595562113,117,0.530975125,0.177636861,14.1884065,0.174528669,500008.8305,0.405371083,3.926311868
16508,-6.75,48.75,275261.4889,26.62,0.072580558,0.588645421,137,0.550861855,0.178655377,14.12124301,0.177274505,808990.1305,0.420609514,3.882090538
16509,-6.25,48.75,239461.7129,17.71,0.157906276,0.642664493,134,0.611160349,0.178655377,14.12124301,0.213899653,NA,0.483236599,3.9250324
16702,-9.75,48.25,3582272.228,28.18,0.106970903,0.675328223,1188,0.646446324,0.169514878,14.25929046,0.221504137,98676.71029,0.348111071,3.891117419
16703,-9.25,48.25,156127.8309,19.42,0.225515021,0.598027686,609,0.691355262,0.169514878,14.25929046,0.105105762,NA,0.418011389,3.91726981
16704,-8.75,48.25,155113.2345,21.57,0.189771972,0.577053851,212,0.678096553,0.174341249,14.22958393,0.16997661,139593.539,0.455799483,3.928109108
16705,-8.25,48.25,886047.7712,29.93,0.092622227,0.654283788,244,0.675975674,0.174341249,14.22958393,0.221885958,174909.291,0.423204529,3.88290416
16706,-7.75,48.25,201945.9707,19.98,0.179759778,0.580163473,179,0.680408842,0.177636861,14.1884065,0.18662425,217544.7682,0.408168313,3.970308739
16707,-7.25,48.25,405277.8349,21.18,0.083749708,0.585007889,141,0.64795122,0.177636861,14.1884065,0.151746912,276584.493,0.436770612,3.932175743
16708,-6.75,48.25,284513.2365,22.32,0.104682925,0.585217345,132,0.607084772,0.178655377,14.12124301,0.203439128,470201.5439,0.435799258,3.927548887
16709,-6.25,48.25,240502.9047,23.01,0.093301744,0.592409292,133,0.575593914,0.178655377,14.12124301,0.26489533,428063.6704,0.464531312,3.90649447
16906,-7.75,47.75,671193.5298,20.09,0.120374414,0.649397496,1011,0.661527181,0.172997144,14.6833785,0.272469412,116564.3345,0.410790521,3.974851137
16907,-7.25,47.75,347061.1838,24.12,0.101006903,0.630766847,171,0.745246056,0.172997144,14.6833785,0.236727498,283202.4904,0.371137644,3.983114905
16908,-6.75,47.75,767169.9174,23.79,0.110076401,0.629612668,164,0.685102509,0.175062924,14.65523223,0.217529371,235952.793,0.376021315,3.95441766
16909,-6.25,47.75,313513.719,19.5,0.109726535,0.619534856,150,0.621023189,0.175062924,14.65523223,0.210535136,170259.3352,0.419819779,3.929360257
16910,-5.75,47.75,377860.6004,24.98,0.075832677,0.561652498,136,0.66890712,0.177369814,14.62635857,0.228664226,327036.3965,0.42563056,3.914290127
16911,-5.25,47.75,254309.0537,24.75,0.098995866,0.574006993,125,0.809672253,0.177369814,14.62635857,0.200014347,1251189.456,0.466310256,3.892301104
16912,-4.75,47.75,143018.6109,28.33,0.089117515,0.567225497,85,0.87644706,0.182886961,14.61224789,0.234198204,2451001.35,0.476571172,3.83923666
16913,-4.25,47.75,104845.1801,20.71,0.088178087,0.607644588,44,1.082877168,0.182886961,14.61224789,0.232694633,1415786.153,0.418965528,3.824521825
16914,-3.75,47.75,237575.8547,29.29,0.121263255,0.642771929,39,1.275274551,0.191831081,14.58757108,0.290603203,819024.7634,0.343448091,3.768868184
17109,-6.25,47.25,578164.2847,20.28,0.098998254,0.635822971,1551,0.645827946,0.175062924,14.65523223,0.251970509,118960.668,0.3921392,3.918693379
17110,-5.75,47.25,311438.8907,22.45,0.078551079,0.612442694,535,0.683135343,0.177369814,14.62635857,0.245057914,224214.5129,0.409517427,3.974103643
17111,-5.25,47.25,366942.3031,27.21,0.066024183,0.5745285,107,0.652944231,0.177369814,14.62635857,0.212900115,528052.506,0.419121691,3.90641195
17112,-4.75,47.25,193059.4823,23.26,0.091348066,0.584111376,130,0.630968918,0.182886961,14.61224789,0.205739483,388453.8646,0.456164577,3.870887872
17113,-4.25,47.25,99418.31287,26.31,0.116456142,0.565104453,100,0.688861552,0.182886961,14.61224789,0.17187053,339098.9176,0.440674,3.844612613
17114,-3.75,47.25,69818.14685,23.61,0.103499915,0.578703895,110,0.775470119,0.191831081,14.58757108,0.181347735,1448497.896,0.405944914,3.834386522
17115,-3.25,47.25,174093.015,33.43,0.076026312,0.588008837,64,1.16795641,0.191831081,14.58757108,0.250468104,946469.5702,0.398906745,3.81407778
17116,-2.75,47.25,242419.5133,35.62,0.105282554,0.683884839,35,1.931689163,0.198391325,14.57666343,0.221793609,1364690.336,0.503749499,3.727069444
17117,-2.25,47.25,270744.6819,23.86,0.15524816,0.734329167,1,2.46328435,0.198391325,14.57666343,0.197931209,202825.9062,0.393101496,3.687848028
17311,-5.25,46.75,871820.3809,25.08,0.056330556,0.633253096,436,0.582133642,0.180847138,15.21182735,0.249376871,85050.28131,0.311993108,3.961474881
17312,-4.75,46.75,594156.5016,35.15,0.059349886,0.626863267,164,0.577989582,0.187660797,15.25708887,0.194691745,142470.4585,0.373982214,3.896346163
17313,-4.25,46.75,320797.1061,25.27,0.068271416,0.551973479,292,0.531841505,0.187660797,15.25708887,0.196082239,96843.23421,0.369227522,3.911971635
17314,-3.75,46.75,150022.7147,25.7,0.111528197,0.546875915,122,0.589326523,0.196458088,15.26689314,0.140151364,NA,0.393682368,3.859884622
17315,-3.25,46.75,135338.3424,22.6,0.138656539,0.57480595,121,0.752550154,0.196458088,15.26689314,0.146059353,658104.3611,0.364776444,3.818228581
17316,-2.75,46.75,122279.6477,26.8,0.090451841,0.607692903,57,1.06191917,0.2055815,15.26415573,0.192872079,1037939.615,0.319042262,3.812599135
17317,-2.25,46.75,124810.1411,34.4,0.092780676,0.679650741,9,1.557018428,0.2055815,15.26415573,0.202717893,530248.8684,0.459002797,3.653393871
17513,-4.25,46.25,546694.5865,24.96,0.072125601,0.621889743,311,0.491575922,0.187660797,15.25708887,0.25293478,62661.87122,0.330542961,3.957559681
17514,-3.75,46.25,349084.1135,22.38,0.072335799,0.60869624,103,0.505371068,0.196458088,15.26689314,0.207522594,104115.7353,0.314703998,3.9635365
17515,-3.25,46.25,220668.7848,26.43,0.101168958,0.566222427,103,0.571174187,0.196458088,15.26689314,0.120432888,171248.3931,0.391897969,3.873370998
17516,-2.75,46.25,160246.0771,29.35,0.104778346,0.576799726,104,0.762164861,0.2055815,15.26415573,0.177400294,511536.7253,0.38032732,3.812707683
17517,-2.25,46.25,98183.31764,32.3,0.101687175,0.593617242,40,0.984428553,0.2055815,15.26415573,0.183962042,1535225.181,0.367961693,3.791844927
17518,-1.75,46.25,77357.50756,34.24,0.124869748,0.663223525,28,1.491136599,0.214433953,15.58473022,0.182332267,2017623.683,0.411647452,3.643241318
17519,-1.25,46.25,374144.5169,21.01,0.083241791,0.699453127,2,1.734140533,0.214433953,15.58473022,0.210697507,36471.08445,0.381404675,3.613454725
17715,-3.25,45.75,293475.504,24.16,0.065694796,0.576742236,94,0.465068824,0.199264533,15.8367648,0.275156813,122063.2636,0.34248161,3.921134207
17716,-2.75,45.75,116812.4546,25.14,0.119095542,0.585589068,115,0.55138407,0.208450436,15.8342452,0.15402834,138880.9663,0.340213998,3.865566565
17717,-2.25,45.75,147896.4237,24.45,0.12729375,0.599625514,93,0.737229083,0.208450436,15.8342452,0.162325783,434904.9142,0.297326247,3.823494236
17718,-1.75,45.75,80219.35903,29.51,0.147042517,0.601211963,59,1.237535881,0.213062378,15.82473108,0.188114962,841528.8051,0.435184707,3.629227553
17719,-1.25,45.75,99478.97037,27.34,0.143664277,0.694492037,8,2.13564944,0.213062378,15.82473108,0.162642721,279336.8554,0.487336026,3.61454191
17916,-2.75,45.25,173614.8529,26.7,0.097487361,0.575516199,160,0.455257157,0.208450436,15.8342452,0.276129029,108197.1248,0.381442911,3.887044426
17917,-2.25,45.25,123715.9401,24.83,0.11318007,0.607577895,107,0.580107494,0.208450436,15.8342452,0.224929783,219756.2854,0.309197028,3.877792233
17918,-1.75,45.25,69463.44737,28.34,0.156271898,0.587237203,73,0.939484896,0.213062378,15.82473108,0.191397057,564424.35,0.338827541,3.711479733
17919,-1.25,45.25,46579.77987,27.58,0.200945748,0.656827464,10,1.786727505,0.213062378,15.82473108,0.20026313,331496.2426,0.418078434,3.600679502
18117,-2.25,44.75,506236.46,35.64,0.036158645,0.626573619,1813,0.479624506,0.206816218,16.25005298,0.273293667,189888.7489,0.360119503,3.836176595
18118,-1.75,44.75,332595.7058,31.56,0.044630763,0.582421059,50,0.615794982,0.209862882,16.24707696,0.211463156,880095.8588,0.3486452,3.84298319
18119,-1.25,44.75,78432.28625,35.52,0.14810866,0.683526648,14,1.477818291,0.209862882,16.24707696,0.276843328,1226691.757,0.492155144,3.623850723
18317,-2.25,44.25,173262.1603,28.13,0.101599182,0.651433869,1015,0.458614316,0.206816218,16.25005298,0.29094873,94702.40139,0.359760805,3.838642651
18318,-1.75,44.25,109128.2304,27.38,0.107425664,0.611943189,92,0.538469219,0.209862882,16.24707696,0.279456643,633077.8664,0.329190537,3.834260227
